/******************************************/ /* TABLE PERSON */ /******************************************/ INSERT INTO PERSON VALUES ('900001', 'John', '2125, Rue Saint Marc', '1-514-000- 0000', 'C'); INSERT INTO PERSON VALUES ('900002', 'Oliver', '2025, Rue Saint Mathieu', '1-514- 000-0001', 'C'); INSERT INTO PERSON VALUES ('900003', 'Jeevesh', '2000, Rue Saint Marc', '1-514- 000-0002', 'C'); INSERT INTO PERSON VALUES ('900004', 'Mohamed', '215, Rue Saint Mathieu', '1- 514-000-0003', 'C'); INSERT INTO PERSON VALUES ('900005', 'Hakim', '2535, Rue Saint Marc', '1-514- 000-0004', 'C'); INSERT INTO PERSON VALUES ('900006', 'Lakshay', '9025, Rue Saint Mathieu', '1- 514-000-0005', 'C'); INSERT INTO PERSON VALUES ('900007', 'Josh', '725, Rue Saint Marc', '1-514-000- 0006', 'C'); INSERT INTO PERSON VALUES ('900008', 'George', '225, Rue Saint Mathieu', '1-514- 000-0007', 'C'); INSERT INTO PERSON VALUES ('900009', 'Wang', '975, Rue Saint Marc', '1-514-000- 0008', 'C'); INSERT INTO PERSON VALUES ('900010', 'Shree', '8925, Rue Saint Mathieu', '1-514- 000-0009', 'C'); INSERT INTO PERSON VALUES ('900011', 'Noah', '2011, Rue Parc, Montreal', '1-514- 000-0010', 'S'); INSERT INTO PERSON VALUES ('900012', 'Elijah', '2022, Wellington St, QC', '1-514- 000-0011', 'S'); INSERT INTO PERSON VALUES ('900013', 'Mehdi', '2033, Rue Parc, Montreal', '1- 514-000-0012', 'S'); INSERT INTO PERSON VALUES ('900014', 'Sajjad', '2044, Wellington St, QC', '1-514- 000-0013', 'S'); INSERT INTO PERSON VALUES ('900015', 'Sayeda', '9011, Rue Parc, Montreal', '1- 514-000-0014', 'S'); INSERT INTO PERSON VALUES ('900016', 'Marina', '8022, Wellington St, QC', '1-514- 000-0015', 'S'); INSERT INTO PERSON VALUES ('900017', 'Mahood', '7211, Rue Parc, Montreal', '1- 514-000-0016', 'S'); INSERT INTO PERSON VALUES ('900018', 'Karim', '5022, Wellington St, QC', '1-514- 000-0017', 'S'); INSERT INTO PERSON VALUES ('900019', 'Elias', '2987, Rue Parc, Montreal', '1-514- 000-0018', 'S'); INSERT INTO PERSON VALUES ('900020', 'Adarsh', '6422, Wellington St, QC', '1-514- 000-0019', 'S'); INSERT INTO PERSON VALUES ('900021', 'Liam', '2033, Rue St Crescent', '1-514- 000-0020', 'B'); INSERT INTO PERSON VALUES ('900022', 'Khalid', '933, Rue St Crescent', '1-514- 000-0021', 'B'); INSERT INTO PERSON VALUES ('900023', 'Bhoomi', '333, Rue St Crescent', '1-514- 000-0022', 'B'); INSERT INTO PERSON VALUES ('900024', 'Jay', '2053, Rue St Crescent', '1-514-000- 0023', 'B'); INSERT INTO PERSON VALUES ('900025', 'Zia', '2034, Rue St Crescent', '1-514-000- 0024', 'B'); INSERT INTO PERSON VALUES ('900026', 'Sara', '2053, Rue St Crescent', '1-514- 000-0025', 'B'); INSERT INTO PERSON VALUES ('900027', 'Sana', '2233, Rue St Crescent', '1-514- 000-0026', 'B'); INSERT INTO PERSON VALUES ('900028', 'Emilie', '2933, Rue St Crescent', '1-514- 000-0027', 'B'); INSERT INTO PERSON VALUES ('900029', 'Zachy', '2133, Rue St Crescent', '1-514- 000-0028', 'B'); INSERT INTO PERSON VALUES ('900030', 'Omar', '273, Rue St Crescent', '1-514-000- 0029', 'B'); /******************************************/ /* Table CLIENT */ /******************************************/ INSERT INTO CLIENT VALUES ('1', '900001', 'Concordia University'); INSERT INTO CLIENT VALUES ('2', '900002', 'Peoples Group'); INSERT INTO CLIENT VALUES ('3', '900003', 'Morgan Stanley'); INSERT INTO CLIENT VALUES ('4', '900004', 'Pizza Pizza'); INSERT INTO CLIENT VALUES ('5', '900005', 'Concordia University'); INSERT INTO CLIENT VALUES ('6', '900006', 'Concordia University'); INSERT INTO CLIENT VALUES ('7', '900007', 'Google Inc');INSERT INTO CLIENT VALUES ('8', '900008', 'Pizza Pizza'); INSERT INTO CLIENT VALUES ('9', '900009', 'Google Inc');INSERT INTO CLIENT VALUES ('10', '900010', 'Concordia University'); /******************************************/ /* Table SELLER */ /******************************************/ INSERT INTO SELLER VALUES ('1', '900011', 'ONLINE'); INSERT INTO SELLER VALUES ('2', '900012', 'OFFLINE'); INSERT INTO SELLER VALUES ('3', '900013', 'ONLINE'); INSERT INTO SELLER VALUES ('4', '900014', 'ONLINE'); INSERT INTO SELLER VALUES ('5', '900015', 'OFFLINE'); INSERT INTO SELLER VALUES ('6', '900016', 'ONLINE'); INSERT INTO SELLER VALUES ('7', '900017', 'OFFLINE'); INSERT INTO SELLER VALUES ('8', '900018', 'OFFLINE'); INSERT INTO SELLER VALUES ('9', '900019', 'ONLINE'); INSERT INTO SELLER VALUES ('10', '900020', 'OFFLINE'); /******************************************/ /* Table BENEFICIARY */ /******************************************/ INSERT INTO BENEFICIARY VALUES (1, '900021'); INSERT INTO BENEFICIARY VALUES (2, '900022'); INSERT INTO BENEFICIARY VALUES (3, '900023'); INSERT INTO BENEFICIARY VALUES (4, '900024'); INSERT INTO BENEFICIARY VALUES (5, '900025'); INSERT INTO BENEFICIARY VALUES (6, '900026'); INSERT INTO BENEFICIARY VALUES (7, '900027'); INSERT INTO BENEFICIARY VALUES (8, '900028'); INSERT INTO BENEFICIARY VALUES (9, '900029'); INSERT INTO BENEFICIARY VALUES (10, '900030'); /**************************************************/ /* Table FINANCIAL_PRODUCT */ /**************************************************/ INSERT INTO FINANCIAL_PRODUCT VALUES ('1', '1', '1', '1', '2021-01-02', 'R'); INSERT INTO FINANCIAL_PRODUCT VALUES ('2', '2', '2', '1', '2021-01-24', 'R'); INSERT INTO FINANCIAL_PRODUCT VALUES ('3', '3', '3', '1', '2021-02-08', 'R'); INSERT INTO FINANCIAL_PRODUCT VALUES ('4', '4', '4', '1', '2021-03-20', 'R'); INSERT INTO FINANCIAL_PRODUCT VALUES ('5', '5', '5', '1', '2021-07-05', 'R'); INSERT INTO FINANCIAL_PRODUCT VALUES ('6', '6', '6', '1', '2021-09-02', 'R'); INSERT INTO FINANCIAL_PRODUCT VALUES ('7', '7', '7', '1', '2021-10-09', 'R');  INSERT INTO FINANCIAL_PRODUCT VALUES ('8', '8', '8', '1', '2022-01-28', 'R');  INSERT INTO FINANCIAL_PRODUCT VALUES ('9', '9', '9', '1', '2022-01-13', 'R');  INSERT INTO FINANCIAL_PRODUCT VALUES ('10', '10', '10', '1', '2022-01-28', 'R');  INSERT INTO FINANCIAL_PRODUCT VALUES ('11', '1', '10', '2', '2021-01-29', 'L'); INSERT INTO FINANCIAL_PRODUCT VALUES ('12', '2', '9', '2', '2021-01-05', 'L'); INSERT INTO FINANCIAL_PRODUCT VALUES('13', '3','8','2','2021-02-18','L'); INSERT INTO FINANCIAL_PRODUCT VALUES('14', '4','7','2','2021-03-29','L'); INSERT INTO FINANCIAL_PRODUCT VALUES('15', '5','6','2','2021-07-05','L'); INSERT INTO FINANCIAL_PRODUCT VALUES('16', '6','5','2','2021-09-21','L'); INSERT INTO FINANCIAL_PRODUCT VALUES('17', '7','4','2','2021-10-03','L'); INSERT INTO FINANCIAL_PRODUCT VALUES('18', '8','3','2','2022-01-27','L'); INSERT INTO FINANCIAL_PRODUCT VALUES('19', '9','2','2','2022-01-26','L'); INSERT INTO FINANCIAL_PRODUCT VALUES('20', '10','1','2','2022-01-13','L');/******************************************/ /* Table RRSP */ /******************************************/ INSERT INTO RRSP VALUES('1','1','5','8000','10');INSERT INTO RRSP VALUES('2','2','5','9500','15');INSERT INTO RRSP VALUES('3','3','5','9000','8');INSERT INTO RRSP VALUES('4','4','6','3000','15');INSERT INTO RRSP VALUES('5','5','6','6000','20');INSERT INTO RRSP VALUES('6','6','5.5','2700','15');INSERT INTO RRSP VALUES('7','7','5.5','9000','5');INSERT INTO RRSP VALUES('8','8','4','5600','20');INSERT INTO RRSP VALUES('9','9','4','9500','3');INSERT INTO RRSP VALUES('10','10','3','4900','30');